Sample Name,1234567891,sample_name@example.com,"<StreetLine1>Street Line1</StreetLine1>
		<City>City Name</City>
		<StateCode>AE</StateCode>
		<PostalCode>12345</PostalCode>
	"
Sample Name,1234567891,sample_name@example.com,"<StreetLine1>Street Line1</StreetLine1>
		<City>City Name</City>
		<StateCode>AE</StateCode>
		<PostalCode>12345</PostalCode>
	"
Sample Name,1234567891,sample_name@example.com,"<StreetLine1>Street Line1</StreetLine1>
		<City>City Name</City>
		<StateCode>AE</StateCode>
		<PostalCode>12345</PostalCode>
	"
Sample Name,1234567891,sample_name@example.com,"<StreetLine1>Street Line1</StreetLine1>
		<City>City Name</City>
		<StateCode>AE</StateCode>
		<PostalCode>12345</PostalCode>
	"
Sample Name1,1234567891,sample_name1@example.com,"<StreetLine1>Current Address</StreetLine1>
		<City>Los Angeles</City>
		<StateCode>CA</StateCode>
		<PostalCode>56666</PostalCode>
	"
Sample Name1,1234567891,sample_name1@example.com,"<StreetLine1>Current Address</StreetLine1>
		<City>Los Angeles</City>
		<StateCode>CA</StateCode>
		<PostalCode>56666</PostalCode>
	"
